Id,Pred
2016_1112_1114,0.707617347924
2016_1112_1122,0.740595570837
2016_1112_1124,0.554470808155
2016_1112_1138,0.739356817653
2016_1112_1139,0.661104635917
2016_1112_1143,0.513867548207
2016_1112_1151,0.686892095341
2016_1112_1153,0.67278265448
2016_1112_1160,0.66119981622
2016_1112_1163,0.660030090401
2016_1112_1167,0.738059297724
2016_1112_1173,0.616758063864
2016_1112_1181,0.492860682147
2016_1112_1192,0.738418565308
2016_1112_1195,0.739174259377
2016_1112_1201,0.717738968195
2016_1112_1211,0.680528577315
2016_1112_1214,0.742141333753
2016_1112_1218,0.72284664087
2016_1112_1221,0.740954678065
2016_1112_1231,0.526392483138
2016_1112_1233,0.739103156354
2016_1112_1234,0.619840568426
2016_1112_1235,0.504941830589
2016_1112_1242,0.439689075157
2016_1112_1246,0.50026991365
2016_1112_1268,0.547399578633
2016_1112_1274,0.458720543064
2016_1112_1276,0.691218194279
2016_1112_1277,0.456423664481
2016_1112_1292,0.736714799876
2016_1112_1314,0.445783546849
2016_1112_1320,0.70531596934
2016_1112_1323,0.577388347032
2016_1112_1328,0.44366671302
2016_1112_1332,0.462503688824
2016_1112_1333,0.62913926632
2016_1112_1338,0.679400625778
2016_1112_1344,0.677531424082
2016_1112_1345,0.531831555542
2016_1112_1355,0.707535855808
2016_1112_1371,0.565466513825
2016_1112_1372,0.727507497764
2016_1112_1380,0.740987637178
2016_1112_1386,0.650631301188
2016_1112_1392,0.721851455402
2016_1112_1393,0.682170819614
2016_1112_1396,0.681363867864
2016_1112_1400,0.566254291444
2016_1112_1401,0.46521082368
2016_1112_1403,0.654741061856
2016_1112_1409,0.694628694104
2016_1112_1421,0.73916406996
2016_1112_1423,0.719090584886
2016_1112_1425,0.650318458635
2016_1112_1428,0.46089341006
2016_1112_1433,0.663324022717
2016_1112_1435,0.692329833041
2016_1112_1437,0.465837170468
2016_1112_1438,0.46672107835
2016_1112_1451,0.727888836061
2016_1112_1452,0.453926002704
2016_1112_1453,0.723716977633
2016_1112_1455,0.688490731905
2016_1112_1458,0.627833605637
2016_1112_1462,0.461070085215
2016_1112_1463,0.711658009891
2016_1114_1122,0.484052308865
2016_1114_1124,0.409670650565
2016_1114_1138,0.476769216579
2016_1114_1139,0.444943851087
2016_1114_1143,0.363138525044
2016_1114_1151,0.462080487572
2016_1114_1153,0.471918460922
2016_1114_1160,0.458790510766
2016_1114_1163,0.456754198963
2016_1114_1167,0.48037508206
2016_1114_1173,0.431385027268
2016_1114_1181,0.339026493544
2016_1114_1192,0.475478382068
2016_1114_1195,0.479444127722
2016_1114_1201,0.472439413145
2016_1114_1211,0.445771440555
2016_1114_1214,0.488576188128
2016_1114_1218,0.467033895372
2016_1114_1221,0.491593083712
2016_1114_1231,0.395048377507
2016_1114_1233,0.476049930564
2016_1114_1234,0.413603969836
2016_1114_1235,0.338414936668
2016_1114_1242,0.308943420468
2016_1114_1246,0.334592091251
2016_1114_1268,0.41603355689
2016_1114_1274,0.330263255537
2016_1114_1276,0.457868950882
2016_1114_1277,0.317088768408
2016_1114_1292,0.480073954579
2016_1114_1314,0.308847027629
2016_1114_1320,0.494510786896
2016_1114_1323,0.431384908331
2016_1114_1328,0.319059425484
2016_1114_1332,0.330738877403
2016_1114_1333,0.444259094155
2016_1114_1338,0.460115082248
2016_1114_1344,0.483202341006
2016_1114_1345,0.401838389435
2016_1114_1355,0.488351758389
2016_1114_1371,0.422421196284
2016_1114_1372,0.463874933494
2016_1114_1380,0.490480519959
2016_1114_1386,0.461695347839
2016_1114_1392,0.476608699321
2016_1114_1393,0.479257634995
2016_1114_1396,0.479229616622
2016_1114_1400,0.434997989626
2016_1114_1401,0.340515284934
2016_1114_1403,0.462400274948
2016_1114_1409,0.479897737766
2016_1114_1421,0.503417994071
2016_1114_1423,0.465737920537
2016_1114_1425,0.445897186835
2016_1114_1428,0.334383586448
2016_1114_1433,0.449663520116
2016_1114_1435,0.464417233522
2016_1114_1437,0.347185145928
2016_1114_1438,0.344085072458
2016_1114_1451,0.480203801357
2016_1114_1452,0.335369673812
2016_1114_1453,0.481787158172
2016_1114_1455,0.480936659661
2016_1114_1458,0.451739540985
2016_1114_1462,0.332834024991
2016_1114_1463,0.479970809531
2016_1122_1124,0.215169642802
2016_1122_1138,0.288355666563
2016_1122_1139,0.263979368328
2016_1122_1143,0.143692827199
2016_1122_1151,0.279195743489
2016_1122_1153,0.270853962445
2016_1122_1160,0.259234570279
2016_1122_1163,0.264572809468
2016_1122_1167,0.285246809612
2016_1122_1173,0.226444158499
2016_1122_1181,0.140429353699
2016_1122_1192,0.288355666563
2016_1122_1195,0.289165157342
2016_1122_1201,0.285048590041
2016_1122_1211,0.271281789718
2016_1122_1214,0.289788288354
2016_1122_1218,0.281115647397
2016_1122_1221,0.287655882752
2016_1122_1231,0.213622145406
2016_1122_1233,0.288867435576
2016_1122_1234,0.226867161593
2016_1122_1235,0.139621418089
2016_1122_1242,0.123682490723
2016_1122_1246,0.136345486446
2016_1122_1268,0.216065510271
2016_1122_1274,0.129503357659
2016_1122_1276,0.275535498801
2016_1122_1277,0.124619235294
2016_1122_1292,0.285726095714
2016_1122_1314,0.123739503188
2016_1122_1320,0.282869527005
2016_1122_1323,0.223744132749
2016_1122_1328,0.125320862573
2016_1122_1332,0.125787569699
2016_1122_1333,0.229171379335
2016_1122_1338,0.265209673344
2016_1122_1344,0.270515468816
2016_1122_1345,0.212942257626
2016_1122_1355,0.288271474138
2016_1122_1371,0.217187733064
2016_1122_1372,0.283616263329
2016_1122_1380,0.285960516071
2016_1122_1386,0.254508413568
2016_1122_1392,0.283871757579
2016_1122_1393,0.267553926086
2016_1122_1396,0.267553926086
2016_1122_1400,0.220944352639
2016_1122_1401,0.1297314995
2016_1122_1403,0.255006936058
2016_1122_1409,0.277600192267
2016_1122_1421,0.290748354088
2016_1122_1423,0.285230449456
2016_1122_1425,0.254974453146
2016_1122_1428,0.131601554596
2016_1122_1433,0.265167445828
2016_1122_1435,0.274948401558
2016_1122_1437,0.126019779437
2016_1122_1438,0.125984454894
2016_1122_1451,0.284855888338
2016_1122_1452,0.131139066011
2016_1122_1453,0.289740643737
2016_1122_1455,0.275739737713
2016_1122_1458,0.2294691011
2016_1122_1462,0.125945957503
2016_1122_1463,0.282480363253
2016_1124_1138,0.756320331105
2016_1124_1139,0.666133145544
2016_1124_1143,0.516648846457
2016_1124_1151,0.703359619105
2016_1124_1153,0.675154388709
2016_1124_1160,0.658483739291
2016_1124_1163,0.66899469323
2016_1124_1167,0.754958754092
2016_1124_1173,0.615266408868
2016_1124_1181,0.495090267194
2016_1124_1192,0.75574164131
2016_1124_1195,0.755660535891
2016_1124_1201,0.734578064893
2016_1124_1211,0.696148391441
2016_1124_1214,0.758297625531
2016_1124_1218,0.744313026833
2016_1124_1221,0.756083397087
2016_1124_1231,0.52544100107
2016_1124_1233,0.756554697461
2016_1124_1234,0.618202881558
2016_1124_1235,0.50775332406
2016_1124_1242,0.450273581727
2016_1124_1246,0.505802839182
2016_1124_1268,0.546614566973
2016_1124_1274,0.470148531677
2016_1124_1276,0.704494273858
2016_1124_1277,0.468155964195
2016_1124_1292,0.753959612693
2016_1124_1314,0.456877252679
2016_1124_1320,0.712173364754
2016_1124_1323,0.571499002976
2016_1124_1328,0.45282321664
2016_1124_1332,0.473500103452
2016_1124_1333,0.625406758925
2016_1124_1338,0.686573216104
2016_1124_1344,0.678543792767
2016_1124_1345,0.530881136331
2016_1124_1355,0.720119282386
2016_1124_1371,0.562857023443
2016_1124_1372,0.746934202058
2016_1124_1380,0.756365351558
2016_1124_1386,0.650744999772
2016_1124_1392,0.742002415079
2016_1124_1393,0.686353129838
2016_1124_1396,0.685033085362
2016_1124_1400,0.559691657634
2016_1124_1401,0.476479273972
2016_1124_1403,0.653986010592
2016_1124_1409,0.70497730315
2016_1124_1421,0.752843862452
2016_1124_1423,0.737517403915
2016_1124_1425,0.649796151422
2016_1124_1428,0.472253497652
2016_1124_1433,0.673022745643
2016_1124_1435,0.704725958617
2016_1124_1437,0.475525726698
2016_1124_1438,0.477137064537
2016_1124_1451,0.745598212214
2016_1124_1452,0.464552239033
2016_1124_1453,0.737859195935
2016_1124_1455,0.698857756397
2016_1124_1458,0.621880127081
2016_1124_1462,0.471484556053
2016_1124_1463,0.725827739814
2016_1138_1139,0.268358168751
2016_1138_1143,0.147247921538
2016_1138_1151,0.28163608192
2016_1138_1153,0.275232762868
2016_1138_1160,0.263613370701
2016_1138_1163,0.268951609891
2016_1138_1167,0.289342959724
2016_1138_1173,0.229167147242
2016_1138_1181,0.143984448038
2016_1138_1192,0.292451816675
2016_1138_1195,0.293261307455
2016_1138_1201,0.289144740153
2016_1138_1211,0.273722128149
2016_1138_1214,0.293884438467
2016_1138_1218,0.283555985828
2016_1138_1221,0.291752032864
2016_1138_1231,0.216345134148
2016_1138_1233,0.292963585689
2016_1138_1234,0.231245962016
2016_1138_1235,0.143176512428
2016_1138_1242,0.124584067114
2016_1138_1246,0.138244769104
2016_1138_1268,0.220444310694
2016_1138_1274,0.131402640317
2016_1138_1276,0.279631648913
2016_1138_1277,0.125520811685
2016_1138_1292,0.289822245826
2016_1138_1314,0.124641079579
2016_1138_1320,0.286965677117
2016_1138_1323,0.228122933172
2016_1138_1328,0.126222438964
2016_1138_1332,0.126689146091
2016_1138_1333,0.233550179757
2016_1138_1338,0.269588473766
2016_1138_1344,0.274894269239
2016_1138_1345,0.215665246368
2016_1138_1355,0.29236762425
2016_1138_1371,0.219910721806
2016_1138_1372,0.287712413441
2016_1138_1380,0.290056666183
2016_1138_1386,0.25723140231
2016_1138_1392,0.287967907691
2016_1138_1393,0.271932726508
2016_1138_1396,0.271932726508
2016_1138_1400,0.225323153062
2016_1138_1401,0.131630782158
2016_1138_1403,0.259385736481
2016_1138_1409,0.281696342379
2016_1138_1421,0.2948445042
2016_1138_1423,0.289326599568
2016_1138_1425,0.259353253569
2016_1138_1428,0.133500837254
2016_1138_1433,0.269546246251
2016_1138_1435,0.27904455167
2016_1138_1437,0.126921355829
2016_1138_1438,0.126886031285
2016_1138_1451,0.28895203845
2016_1138_1452,0.133038348669
2016_1138_1453,0.29383679385
2016_1138_1455,0.279835887826
2016_1138_1458,0.233847901523
2016_1138_1462,0.126847533895
2016_1138_1463,0.286576513366
2016_1139_1143,0.339427784757
2016_1139_1151,0.449557172863
2016_1139_1153,0.449336155412
2016_1139_1160,0.431510159401
2016_1139_1163,0.435382131573
2016_1139_1167,0.467111527983
2016_1139_1173,0.403449325125
2016_1139_1181,0.31540518798
2016_1139_1192,0.462653917451
2016_1139_1195,0.466668474738
2016_1139_1201,0.46139519383
2016_1139_1211,0.431403312943
2016_1139_1214,0.47494426548
2016_1139_1218,0.454332043297
2016_1139_1221,0.477810234028
2016_1139_1231,0.369184154625
2016_1139_1233,0.463610018109
2016_1139_1234,0.386908523061
2016_1139_1235,0.314334013972
2016_1139_1242,0.279453828893
2016_1139_1246,0.308121274225
2016_1139_1268,0.391956195417
2016_1139_1274,0.304392250036
2016_1139_1276,0.443226658957
2016_1139_1277,0.287576258982
2016_1139_1292,0.467194952666
2016_1139_1314,0.279357436054
2016_1139_1320,0.478826576316
2016_1139_1323,0.406346463937
2016_1139_1328,0.290983536774
2016_1139_1332,0.302181856855
2016_1139_1333,0.417208506944
2016_1139_1338,0.438698360716
2016_1139_1344,0.461258626336
2016_1139_1345,0.37596512653
2016_1139_1355,0.478005696868
2016_1139_1371,0.396475552358
2016_1139_1372,0.453329581572
2016_1139_1380,0.477060378835
2016_1139_1386,0.432839763049
2016_1139_1392,0.46650576295
2016_1139_1393,0.458309940655
2016_1139_1396,0.458541929495
2016_1139_1400,0.410771937809
2016_1139_1401,0.315222931448
2016_1139_1403,0.434774627923
2016_1139_1409,0.464944604318
2016_1139_1421,0.489916570244
2016_1139_1423,0.455192568615
2016_1139_1425,0.418270015375
2016_1139_1428,0.310746503519
2016_1139_1433,0.430418513518
2016_1139_1435,0.450239087036
2016_1139_1437,0.319185237752
2016_1139_1438,0.315404029806
2016_1139_1451,0.468802179771
2016_1139_1452,0.310502683263
2016_1139_1453,0.469510372582
2016_1139_1455,0.46657447997
2016_1139_1458,0.425398298994
2016_1139_1462,0.304493706536
2016_1139_1463,0.466594629128
2016_1143_1151,0.701831815093
2016_1143_1153,0.675321523028
2016_1143_1160,0.659400761934
2016_1143_1163,0.668941784286
2016_1143_1167,0.75354299678
2016_1143_1173,0.624789429298
2016_1143_1181,0.498763932781
2016_1143_1192,0.754072017452
2016_1143_1195,0.753990912034
2016_1143_1201,0.732634419684
2016_1143_1211,0.694161803735
2016_1143_1214,0.756628001674
2016_1143_1218,0.743093460282
2016_1143_1221,0.754667639775
2016_1143_1231,0.528340843663
2016_1143_1233,0.754885073604
2016_1143_1234,0.627003877499
2016_1143_1235,0.510795698784
2016_1143_1242,0.459839388233
2016_1143_1246,0.509102196097
2016_1143_1268,0.547024065223
2016_1143_1274,0.477909188114
2016_1143_1276,0.701808986602
2016_1143_1277,0.475895571894
2016_1143_1292,0.752543855381
2016_1143_1314,0.46602900778
2016_1143_1320,0.709741944044
2016_1143_1323,0.570576544515
2016_1143_1328,0.462403041193
2016_1143_1332,0.481128289669
2016_1143_1333,0.633009714326
2016_1143_1338,0.68583123875
2016_1143_1344,0.678168348031
2016_1143_1345,0.532802187786
2016_1143_1355,0.717707214857
2016_1143_1371,0.563208956156
2016_1143_1372,0.744990556849
2016_1143_1380,0.754949594245
2016_1143_1386,0.653470665961
2016_1143_1392,0.74005876987
2016_1143_1393,0.685578582992
2016_1143_1396,0.684258538516
2016_1143_1400,0.55985088523
2016_1143_1401,0.483444478228
2016_1143_1403,0.655178009992
2016_1143_1409,0.70254588244
2016_1143_1421,0.75142810514
2016_1143_1423,0.735573758706
2016_1143_1425,0.650999610101
2016_1143_1428,0.479026644068
2016_1143_1433,0.672258919445
2016_1143_1435,0.702040671362
2016_1143_1437,0.482752192239
2016_1143_1438,0.484606148644
2016_1143_1451,0.743908433549
2016_1143_1452,0.472046383956
2016_1143_1453,0.736189572077
2016_1143_1455,0.696147090033
2016_1143_1458,0.629483082482
2016_1143_1462,0.478837765512
2016_1143_1463,0.723435827093
2016_1151_1153,0.474707006372
2016_1151_1160,0.461066953546
2016_1151_1163,0.459218211125
2016_1151_1167,0.484624624323
2016_1151_1173,0.431513412211
2016_1151_1181,0.340465572189
2016_1151_1192,0.479727924332
2016_1151_1195,0.483693669985
2016_1151_1201,0.476688955409
2016_1151_1211,0.447906874965
2016_1151_1214,0.492825730392
2016_1151_1218,0.469369687519
2016_1151_1221,0.495410309228
2016_1151_1231,0.397297254596
2016_1151_1233,0.480299472827
2016_1151_1234,0.416253370294
2016_1151_1235,0.339854015313
2016_1151_1242,0.30856350497
2016_1151_1246,0.334225203238
2016_1151_1268,0.418832068663
2016_1151_1274,0.329552338277
2016_1151_1276,0.461485818663
2016_1151_1277,0.316384319621
2016_1151_1292,0.484323496843
2016_1151_1314,0.30846711213
2016_1151_1320,0.497695337931
2016_1151_1323,0.43463400503
2016_1151_1328,0.318679509986
2016_1151_1332,0.329759451859
2016_1151_1333,0.445868912469
2016_1151_1338,0.462779201419
2016_1151_1344,0.485666353168
2016_1151_1345,0.403603284465
2016_1151_1355,0.492369090915
2016_1151_1371,0.423349384477
2016_1151_1372,0.46789226602
2016_1151_1380,0.494297745476
2016_1151_1386,0.461731398432
2016_1151_1392,0.480626031847
2016_1151_1393,0.481721647157
2016_1151_1396,0.481693628784
2016_1151_1400,0.437532037468
2016_1151_1401,0.339247624648
2016_1151_1403,0.464169531234
2016_1151_1409,0.4830822888
2016_1151_1421,0.507435326596
2016_1151_1423,0.469755253062
2016_1151_1425,0.447941419878
2016_1151_1428,0.334047724848
2016_1151_1433,0.452327639286
2016_1151_1435,0.467801891565
2016_1151_1437,0.345641222006
2016_1151_1438,0.342341041527
2016_1151_1451,0.484221133883
2016_1151_1452,0.335033812212
2016_1151_1453,0.485804490697
2016_1151_1455,0.484121210696
2016_1151_1458,0.453349359298
2016_1151_1462,0.331897366466
2016_1151_1463,0.483988142057
2016_1153_1160,0.42399993122
2016_1153_1163,0.427960372374
2016_1153_1167,0.458215171942
2016_1153_1173,0.399947889741
2016_1153_1181,0.310216032824
2016_1153_1192,0.453757561409
2016_1153_1195,0.457772118696
2016_1153_1201,0.452498837788
2016_1153_1211,0.424869706998
2016_1153_1214,0.466047909438
2016_1153_1218,0.447349437372
2016_1153_1221,0.469346194733
2016_1153_1231,0.364211288685
2016_1153_1233,0.454713662068
2016_1153_1234,0.38063742992
2016_1153_1235,0.308896216573
2016_1153_1242,0.277131010331
2016_1153_1246,0.30406377811
2016_1153_1268,0.386109161505
2016_1153_1274,0.301679978862
2016_1153_1276,0.434962977398
2016_1153_1277,0.28525344042
2016_1153_1292,0.458298596624
2016_1153_1314,0.277034617492
2016_1153_1320,0.470995211504
2016_1153_1323,0.399475674555
2016_1153_1328,0.289010492543
2016_1153_1332,0.30013401505
2016_1153_1333,0.411976995947
2016_1153_1338,0.431104726267
2016_1153_1344,0.453836867137
2016_1153_1345,0.37112646832
2016_1153_1355,0.469341550564
2016_1153_1371,0.392174313725
2016_1153_1372,0.444665435269
2016_1153_1380,0.468596339541
2016_1153_1386,0.427818569299
2016_1153_1392,0.457841616646
2016_1153_1393,0.450916413216
2016_1153_1396,0.451148402055
2016_1153_1400,0.404940730571
2016_1153_1401,0.312393095681
2016_1153_1403,0.427771586237
2016_1153_1409,0.457113239505
2016_1153_1421,0.481252423941
2016_1153_1423,0.446528422312
2016_1153_1425,0.410991996932
2016_1153_1428,0.307659176685
2016_1153_1433,0.423073521313
2016_1153_1435,0.442207615214
2016_1153_1437,0.317701894326
2016_1153_1438,0.314120793389
2016_1153_1451,0.460138033468
2016_1153_1452,0.307065582098
2016_1153_1453,0.460846226278
2016_1153_1455,0.458991757402
2016_1153_1458,0.420166787997
2016_1153_1462,0.302403097712
2016_1153_1463,0.457930482824
2016_1160_1163,0.448193097351
2016_1160_1167,0.501388463098
2016_1160_1173,0.416618233742
2016_1160_1181,0.332568665212
2016_1160_1192,0.497202107626
2016_1160_1195,0.501825698182
2016_1160_1201,0.494622955725
2016_1160_1211,0.453480364391
2016_1160_1214,0.510101488924
2016_1160_1218,0.488240069688
2016_1160_1221,0.51251948589
2016_1160_1231,0.374849483364
2016_1160_1233,0.498767241554
2016_1160_1234,0.398528524221
2016_1160_1235,0.332120016167
2016_1160_1242,0.292002360656
2016_1160_1246,0.32654259961
2016_1160_1268,0.397495447479
2016_1160_1274,0.317346614453
2016_1160_1276,0.466448773804
2016_1160_1277,0.300883479665
2016_1160_1292,0.501471887781
2016_1160_1314,0.291929176923
2016_1160_1320,0.503134057243
2016_1160_1323,0.41377516924
2016_1160_1328,0.303555277643
2016_1160_1332,0.31570991467
2016_1160_1333,0.429411809678
2016_1160_1338,0.454850657233
2016_1160_1344,0.476480434552
2016_1160_1345,0.382534844716
2016_1160_1355,0.507463632662
2016_1160_1371,0.403908346328
2016_1160_1372,0.487116642039
2016_1160_1380,0.511769630697
2016_1160_1386,0.447101928581
2016_1160_1392,0.498294945162
2016_1160_1393,0.474586720753
2016_1160_1396,0.474818709593
2016_1160_1400,0.41827733693
2016_1160_1401,0.328072001659
2016_1160_1403,0.448050603028
2016_1160_1409,0.488389445172
2016_1160_1421,0.525096412687
2016_1160_1423,0.488442949509
2016_1160_1425,0.431468656768
2016_1160_1428,0.323782092848
2016_1160_1433,0.444831229187
2016_1160_1435,0.473483820881
2016_1160_1437,0.333277793945
2016_1160_1438,0.330239556251
2016_1160_1451,0.502650904559
2016_1160_1452,0.323335215425
2016_1160_1453,0.50409187113
2016_1160_1455,0.488729920209
2016_1160_1458,0.437436027052
2016_1160_1462,0.318435277902
2016_1160_1463,0.497762579254
2016_1163_1167,0.462291154859
2016_1163_1173,0.399869437415
2016_1163_1181,0.313553175185
2016_1163_1192,0.457833544327
2016_1163_1195,0.461848101614
2016_1163_1201,0.456574820706
2016_1163_1211,0.427321458004
2016_1163_1214,0.470123892356
2016_1163_1218,0.450099112586
2016_1163_1221,0.473422177651
2016_1163_1231,0.365892343604
2016_1163_1233,0.458789644986
2016_1163_1234,0.382107355517
2016_1163_1235,0.312180452397
2016_1163_1242,0.279396151072
2016_1163_1246,0.306099853809
2016_1163_1268,0.388517014081
2016_1163_1274,0.302272353289
2016_1163_1276,0.438688129571
2016_1163_1277,0.287194047873
2016_1163_1292,0.462374579542
2016_1163_1314,0.279299758233
2016_1163_1320,0.474720363677
2016_1163_1323,0.401416642005
2016_1163_1328,0.290925858953
2016_1163_1332,0.301460953047
2016_1163_1333,0.413171944787
2016_1163_1338,0.433993238578
2016_1163_1344,0.457575475412
2016_1163_1345,0.372905525247
2016_1163_1355,0.473417533482
2016_1163_1371,0.392566903251
2016_1163_1372,0.448741418186
2016_1163_1380,0.472672322458
2016_1163_1386,0.429259581233
2016_1163_1392,0.461917599564
2016_1163_1393,0.453804925526
2016_1163_1396,0.454036914366
2016_1163_1400,0.406931254552
2016_1163_1401,0.312672018453
2016_1163_1403,0.430737771659
2016_1163_1409,0.460838391679
2016_1163_1421,0.485328406858
2016_1163_1423,0.450604405229
2016_1163_1425,0.414233159112
2016_1163_1428,0.308187835172
2016_1163_1433,0.426014940161
2016_1163_1435,0.445932767388
2016_1163_1437,0.319028832323
2016_1163_1438,0.315447731386
2016_1163_1451,0.464214016385
2016_1163_1452,0.307944014916
2016_1163_1453,0.464922209196
2016_1163_1455,0.462769816112
2016_1163_1458,0.421361736837
2016_1163_1462,0.304005012466
2016_1163_1463,0.462006465742
2016_1167_1173,0.231304122521
2016_1167_1181,0.145954887716
2016_1167_1192,0.295534884848
2016_1167_1195,0.296344375627
2016_1167_1201,0.292227808326
2016_1167_1211,0.277002296628
2016_1167_1214,0.296967506639
2016_1167_1218,0.286032358943
2016_1167_1221,0.29440278429
2016_1167_1231,0.218746578345
2016_1167_1233,0.296046653861
2016_1167_1234,0.233989632352
2016_1167_1235,0.145146952106
2016_1167_1242,0.12679926729
2016_1167_1246,0.140390604802
2016_1167_1268,0.223020133201
2016_1167_1274,0.132669275482
2016_1167_1276,0.283086195702
2016_1167_1277,0.127736011861
2016_1167_1292,0.292905313998
2016_1167_1314,0.126856279755
2016_1167_1320,0.289987907159
2016_1167_1323,0.230866603508
2016_1167_1328,0.128087864809
2016_1167_1332,0.128904346266
2016_1167_1333,0.235861533347
2016_1167_1338,0.272797057687
2016_1167_1344,0.277902746151
2016_1167_1345,0.217932482836
2016_1167_1355,0.295218482685
2016_1167_1371,0.222247804094
2016_1167_1372,0.290563271875
2016_1167_1380,0.292707417608
2016_1167_1386,0.259673492905
2016_1167_1392,0.290818766126
2016_1167_1393,0.27494120342
2016_1167_1396,0.27494120342
2016_1167_1400,0.227634506652
2016_1167_1401,0.133014981916
2016_1167_1403,0.262253977707
2016_1167_1409,0.284718572421
2016_1167_1421,0.297695362635
2016_1167_1423,0.292177458003
2016_1167_1425,0.262221494796
2016_1167_1428,0.134535262681
2016_1167_1433,0.272754830172
2016_1167_1435,0.282266888721
2016_1167_1437,0.128904346266
2016_1167_1438,0.128668914714
2016_1167_1451,0.291802896884
2016_1167_1452,0.134422548426
2016_1167_1453,0.296687652284
2016_1167_1455,0.282858117867
2016_1167_1458,0.236159255113
2016_1167_1462,0.128830524332
2016_1167_1463,0.2894273718
2016_1173_1181,0.411186373615
2016_1173_1192,0.59312424107
2016_1173_1195,0.598145648791
2016_1173_1201,0.587944797442
2016_1173_1211,0.547179089696
2016_1173_1214,0.606354707277
2016_1173_1218,0.583439371203
2016_1173_1221,0.608649384513
2016_1173_1231,0.446841467599
2016_1173_1233,0.594766613942
2016_1173_1234,0.49834072217
2016_1173_1235,0.41437754738
2016_1173_1242,0.360028128638
2016_1173_1246,0.411852438129
2016_1173_1268,0.473460685982
2016_1173_1274,0.384185088921
2016_1173_1276,0.561275972187
2016_1173_1277,0.374978585576
2016_1173_1292,0.598390614057
2016_1173_1314,0.362868837574
2016_1173_1320,0.589707597436
2016_1173_1323,0.493669865877
2016_1173_1328,0.368138718049
2016_1173_1332,0.386803165244
2016_1173_1333,0.524298744604
2016_1173_1338,0.554709409766
2016_1173_1344,0.56775703641
2016_1173_1345,0.455946061957
2016_1173_1355,0.591021838872
2016_1173_1371,0.483676780054
2016_1173_1372,0.5895121239
2016_1173_1380,0.607182032765
2016_1173_1386,0.536065636264
2016_1173_1392,0.591746287945
2016_1173_1393,0.567551057001
2016_1173_1396,0.567807324023
2016_1173_1400,0.491802216576
2016_1173_1401,0.395902745902
2016_1173_1403,0.542559993093
2016_1173_1409,0.577202588852
2016_1173_1421,0.614341084615
2016_1173_1423,0.586698090819
2016_1173_1425,0.530731863615
2016_1173_1428,0.392039312978
2016_1173_1433,0.541602757978
2016_1173_1435,0.563712069672
2016_1173_1437,0.397668834641
2016_1173_1438,0.398784399663
2016_1173_1451,0.597616929166
2016_1173_1452,0.386660369487
2016_1173_1453,0.595122817387
2016_1173_1455,0.577952426293
2016_1173_1458,0.530020975425
2016_1173_1462,0.387740383278
2016_1173_1463,0.586192030625
2016_1181_1192,0.760706017414
2016_1181_1195,0.760624911995
2016_1181_1201,0.738339533589
2016_1181_1211,0.703027186443
2016_1181_1214,0.763262001636
2016_1181_1218,0.748486127085
2016_1181_1221,0.761301639736
2016_1181_1231,0.544971984289
2016_1181_1233,0.761519073565
2016_1181_1234,0.642190153225
2016_1181_1235,0.526542908053
2016_1181_1242,0.470861498763
2016_1181_1246,0.523932605497
2016_1181_1268,0.564474789329
2016_1181_1274,0.489766691531
2016_1181_1276,0.711915702468
2016_1181_1277,0.487555962092
2016_1181_1292,0.759177855342
2016_1181_1314,0.477364864689
2016_1181_1320,0.719848659909
2016_1181_1323,0.589704233925
2016_1181_1328,0.473425151723
2016_1181_1332,0.49296998368
2016_1181_1333,0.648377293865
2016_1181_1338,0.696810396279
2016_1181_1344,0.688399923318
2016_1181_1345,0.549747074791
2016_1181_1355,0.725820743349
2016_1181_1371,0.581276616221
2016_1181_1372,0.750695670754
2016_1181_1380,0.761583594207
2016_1181_1386,0.665232204012
2016_1181_1392,0.745451436673
2016_1181_1393,0.696739044334
2016_1181_1396,0.695418999858
2016_1181_1400,0.578521598786
2016_1181_1401,0.495626514933
2016_1181_1403,0.668180881201
2016_1181_1409,0.712652598305
2016_1181_1421,0.758062105101
2016_1181_1423,0.741278872611
2016_1181_1425,0.663821177498
2016_1181_1428,0.490702843671
2016_1181_1433,0.682178047629
2016_1181_1435,0.712147387228
2016_1181_1437,0.494593886249
2016_1181_1438,0.496447842655
2016_1181_1451,0.749613547454
2016_1181_1452,0.48372258356
2016_1181_1453,0.742823572039
2016_1181_1455,0.705324919843
2016_1181_1458,0.644850662021
2016_1181_1462,0.49049815571
2016_1181_1463,0.732790688742
2016_1192_1195,0.293495952531
2016_1192_1201,0.289379385229
2016_1192_1211,0.274329785944
2016_1192_1214,0.294119083543
2016_1192_1218,0.283790630905
2016_1192_1221,0.291986677941
2016_1192_1231,0.216952791943
2016_1192_1233,0.293198230765
2016_1192_1234,0.23185361981
2016_1192_1235,0.142509581112
2016_1192_1242,0.123682490723
2016_1192_1246,0.137577837789
2016_1192_1268,0.221051968488
2016_1192_1274,0.130501063925
2016_1192_1276,0.280239306708
2016_1192_1277,0.124619235294
2016_1192_1292,0.290056890902
2016_1192_1314,0.123739503188
2016_1192_1320,0.287573334912
2016_1192_1323,0.228730590967
2016_1192_1328,0.125320862573
2016_1192_1332,0.125787569699
2016_1192_1333,0.234157837552
2016_1192_1338,0.270196131561
2016_1192_1344,0.275501927034
2016_1192_1345,0.216272904163
2016_1192_1355,0.292602269327
2016_1192_1371,0.220518379601
2016_1192_1372,0.287947058517
2016_1192_1380,0.290291311259
2016_1192_1386,0.257839060105
2016_1192_1392,0.288202552767
2016_1192_1393,0.272540384303
2016_1192_1396,0.272540384303
2016_1192_1400,0.225930810857
2016_1192_1401,0.130729205767
2016_1192_1403,0.259993394275
2016_1192_1409,0.282304000174
2016_1192_1421,0.295079149276
2016_1192_1423,0.289561244644
2016_1192_1425,0.259960911364
2016_1192_1428,0.132599260863
2016_1192_1433,0.270153904046
2016_1192_1435,0.279652209465
2016_1192_1437,0.126019779437
2016_1192_1438,0.125984454894
2016_1192_1451,0.289186683526
2016_1192_1452,0.132136772277
2016_1192_1453,0.294071438926
2016_1192_1455,0.28044354562
2016_1192_1458,0.234455559318
2016_1192_1462,0.125945957503
2016_1192_1463,0.286811158442
2016_1195_1201,0.285048590041
2016_1195_1211,0.271654802436
2016_1195_1214,0.289788288354
2016_1195_1218,0.281115647397
2016_1195_1221,0.287655882752
2016_1195_1231,0.213995158124
2016_1195_1233,0.288867435576
2016_1195_1234,0.227240174311
2016_1195_1235,0.139621418089
2016_1195_1242,0.123682490723
2016_1195_1246,0.136345486446
2016_1195_1268,0.216438522989
2016_1195_1274,0.129503357659
2016_1195_1276,0.275908511519
2016_1195_1277,0.124619235294
2016_1195_1292,0.285726095714
2016_1195_1314,0.123739503188
2016_1195_1320,0.283242539724
2016_1195_1323,0.224117145468
2016_1195_1328,0.125320862573
2016_1195_1332,0.125787569699
2016_1195_1333,0.229544392053
2016_1195_1338,0.265582686062
2016_1195_1344,0.270888481535
2016_1195_1345,0.213315270345
2016_1195_1355,0.288271474138
2016_1195_1371,0.217560745783
2016_1195_1372,0.283616263329
2016_1195_1380,0.285960516071
2016_1195_1386,0.254881426287
2016_1195_1392,0.283871757579
2016_1195_1393,0.267926938804
2016_1195_1396,0.267926938804
2016_1195_1400,0.221317365358
2016_1195_1401,0.1297314995
2016_1195_1403,0.255379948776
2016_1195_1409,0.277973204986
2016_1195_1421,0.290748354088
2016_1195_1423,0.285230449456
2016_1195_1425,0.255347465865
2016_1195_1428,0.131601554596
2016_1195_1433,0.265540458547
2016_1195_1435,0.275321414276
2016_1195_1437,0.126019779437
2016_1195_1438,0.125984454894
2016_1195_1451,0.284855888338
2016_1195_1452,0.131139066011
2016_1195_1453,0.289740643737
2016_1195_1455,0.276112750432
2016_1195_1458,0.229842113819
2016_1195_1462,0.125945957503
2016_1195_1463,0.282480363253
2016_1201_1211,0.27826756868
2016_1201_1214,0.297704640306
2016_1201_1218,0.287356935024
2016_1201_1221,0.295572234704
2016_1201_1231,0.22004863195
2016_1201_1233,0.296783787528
2016_1201_1234,0.235613646383
2016_1201_1235,0.146206847687
2016_1201_1242,0.126977445623
2016_1201_1246,0.141255851719
2016_1201_1268,0.22416706114
2016_1201_1274,0.133884296729
2016_1201_1276,0.284196342087
2016_1201_1277,0.127914190193
2016_1201_1292,0.293642447665
2016_1201_1314,0.127034458088
2016_1201_1320,0.291530370292
2016_1201_1323,0.231845683618
2016_1201_1328,0.128615817473
2016_1201_1332,0.129082524599
2016_1201_1333,0.237917864125
2016_1201_1338,0.274139413811
2016_1201_1344,0.279445209283
2016_1201_1345,0.219116971849
2016_1201_1355,0.29618782609
2016_1201_1371,0.223614219609
2016_1201_1372,0.29153261528
2016_1201_1380,0.293876868022
2016_1201_1386,0.261511317389
2016_1201_1392,0.291788109531
2016_1201_1393,0.276483666553
2016_1201_1396,0.276483666553
2016_1201_1400,0.229045903509
2016_1201_1401,0.134112438571
2016_1201_1403,0.263936676525
2016_1201_1409,0.286261035554
2016_1201_1421,0.298664706039
2016_1201_1423,0.293146801408
2016_1201_1425,0.263904193613
2016_1201_1428,0.135982493667
2016_1201_1433,0.274097186295
2016_1201_1435,0.283609244844
2016_1201_1437,0.129314734337
2016_1201_1438,0.129279409794
2016_1201_1451,0.292772240289
2016_1201_1452,0.135520005081
2016_1201_1453,0.297656995689
2016_1201_1455,0.284400581
2016_1201_1458,0.238215585891
2016_1201_1462,0.129240912403
2016_1201_1463,0.290396715205
2016_1211_1214,0.484014900474
2016_1211_1218,0.461506198008
2016_1211_1221,0.486880869022
2016_1211_1231,0.382062621167
2016_1211_1233,0.471927732368
2016_1211_1234,0.399819074541
2016_1211_1235,0.327991019809
2016_1211_1242,0.29570540229
2016_1211_1246,0.320863322391
2016_1211_1268,0.404371157913
2016_1211_1274,0.31822196937
2016_1211_1276,0.452354339269
2016_1211_1277,0.303003593893
2016_1211_1292,0.475512666925
2016_1211_1314,0.29560900945
2016_1211_1320,0.4883226252
2016_1211_1323,0.419596961716
2016_1211_1328,0.306494555769
2016_1211_1332,0.317166083213
2016_1211_1333,0.430211264875
2016_1211_1338,0.450242648213
2016_1211_1344,0.473459055272
2016_1211_1345,0.388996181331
2016_1211_1355,0.485024725913
2016_1211_1371,0.409098031256
2016_1211_1372,0.461647295831
2016_1211_1380,0.486131013829
2016_1211_1386,0.444943749752
2016_1211_1392,0.473524791994
2016_1211_1393,0.469838073243
2016_1211_1396,0.469810054871
2016_1211_1400,0.424445807728
2016_1211_1401,0.328525858146
2016_1211_1403,0.448086499826
2016_1211_1409,0.47407228463
2016_1211_1421,0.498987205238
2016_1211_1423,0.463510282874
2016_1211_1425,0.432204686061
2016_1211_1428,0.323483394749
2016_1211_1433,0.440472751059
2016_1211_1435,0.459366767348
2016_1211_1437,0.333669758913
2016_1211_1438,0.330369578435
2016_1211_1451,0.47711989403
2016_1211_1452,0.324135720252
2016_1211_1453,0.478212639004
2016_1211_1455,0.475987525473
2016_1211_1458,0.438054420264
2016_1211_1462,0.319477932894
2016_1211_1463,0.47529689555
2016_1214_1218,0.280317923221
2016_1214_1221,0.286858158577
2016_1214_1231,0.212484078536
2016_1214_1233,0.288069711401
2016_1214_1234,0.225729094723
2016_1214_1235,0.138522847714
2016_1214_1242,0.123454981496
2016_1214_1246,0.135246916071
2016_1214_1268,0.214927443401
2016_1214_1274,0.128935505738
2016_1214_1276,0.274737774625
2016_1214_1277,0.124391726067
2016_1214_1292,0.284928371538
2016_1214_1314,0.123511993961
2016_1214_1320,0.28207180283
2016_1214_1323,0.22260606588
2016_1214_1328,0.125093353346
2016_1214_1332,0.125560060472
2016_1214_1333,0.228033312465
2016_1214_1338,0.264411949168
2016_1214_1344,0.269717744641
2016_1214_1345,0.211804190757
2016_1214_1355,0.287473749963
2016_1214_1371,0.216049666195
2016_1214_1372,0.282818539153
2016_1214_1380,0.285162791895
2016_1214_1386,0.253370346699
2016_1214_1392,0.283074033403
2016_1214_1393,0.26675620191
2016_1214_1396,0.26675620191
2016_1214_1400,0.21980628577
2016_1214_1401,0.129163647579
2016_1214_1403,0.253868869188
2016_1214_1409,0.276802468092
2016_1214_1421,0.289950629912
2016_1214_1423,0.28443272528
2016_1214_1425,0.253836386276
2016_1214_1428,0.131033702675
2016_1214_1433,0.264369721653
2016_1214_1435,0.274150677382
2016_1214_1437,0.12579227021
2016_1214_1438,0.125756945667
2016_1214_1451,0.284058164162
2016_1214_1452,0.13057121409
2016_1214_1453,0.288942919562
2016_1214_1455,0.274942013538
2016_1214_1458,0.228331034231
2016_1214_1462,0.125718448276
2016_1214_1463,0.281682639078
2016_1218_1221,0.32484019872
2016_1218_1231,0.249309394425
2016_1218_1233,0.325451074986
2016_1218_1234,0.265564654529
2016_1218_1235,0.173152289377
2016_1218_1242,0.155666448346
2016_1218_1246,0.16881129779
2016_1218_1268,0.254022476808
2016_1218_1274,0.160810907545
2016_1218_1276,0.311542080163
2016_1218_1277,0.157372224421
2016_1218_1292,0.322871197405
2016_1218_1314,0.155723460811
2016_1218_1320,0.319090191
2016_1218_1323,0.263333087969
2016_1218_1328,0.156609001532
2016_1218_1332,0.157992255144
2016_1218_1333,0.2685739556
2016_1218_1338,0.30451150748
2016_1218_1344,0.309548688636
2016_1218_1345,0.248631732266
2016_1218_1355,0.324539694158
2016_1218_1371,0.254065421831
2016_1218_1372,0.319760123779
2016_1218_1380,0.323144832039
2016_1218_1386,0.292283431569
2016_1218_1392,0.320349588583
2016_1218_1393,0.3067261148
2016_1218_1396,0.3067261148
2016_1218_1400,0.259173202021
2016_1218_1401,0.160954354631
2016_1218_1403,0.295563636491
2016_1218_1409,0.313662098674
2016_1218_1421,0.328204555793
2016_1218_1423,0.321374309906
2016_1218_1425,0.294762122076
2016_1218_1428,0.162706570618
2016_1218_1433,0.303633149577
2016_1218_1435,0.310513162198
2016_1218_1437,0.157992255144
2016_1218_1438,0.157966434576
2016_1218_1451,0.321768780292
2016_1218_1452,0.162520678729
2016_1218_1453,0.326059445367
2016_1218_1455,0.31178546053
2016_1218_1458,0.268871677366
2016_1218_1462,0.15791843321
2016_1218_1463,0.31977780737
2016_1221_1231,0.214631303187
2016_1221_1233,0.292440600842
2016_1221_1234,0.229874357194
2016_1221_1235,0.140388902058
2016_1221_1242,0.122564073991
2016_1221_1246,0.135632554754
2016_1221_1268,0.218904858043
2016_1221_1274,0.128692530169
2016_1221_1276,0.279480142683
2016_1221_1277,0.123500818562
2016_1221_1292,0.28929926098
2016_1221_1314,0.122621086456
2016_1221_1320,0.286814170887
2016_1221_1323,0.22675132835
2016_1221_1328,0.123852671511
2016_1221_1332,0.124669152967
2016_1221_1333,0.232178574936
2016_1221_1338,0.269436967536
2016_1221_1344,0.274742763009
2016_1221_1345,0.214049417416
2016_1221_1355,0.291844639404
2016_1221_1371,0.218364738674
2016_1221_1372,0.287189428595
2016_1221_1380,0.289533681337
2016_1221_1386,0.256313402754
2016_1221_1392,0.287444922845
2016_1221_1393,0.271781220278
2016_1221_1396,0.271781220278
2016_1221_1400,0.22395154824
2016_1221_1401,0.129270446341
2016_1221_1403,0.258893887556
2016_1221_1409,0.281544836149
2016_1221_1421,0.294321519354
2016_1221_1423,0.288803614722
2016_1221_1425,0.258861404645
2016_1221_1428,0.130790727106
2016_1221_1433,0.269394740021
2016_1221_1435,0.27889304544
2016_1221_1437,0.124901362705
2016_1221_1438,0.124866038162
2016_1221_1451,0.288429053604
2016_1221_1452,0.130678012851
2016_1221_1453,0.293313809003
2016_1221_1455,0.279684381596
2016_1221_1458,0.232476296702
2016_1221_1462,0.124827540771
2016_1221_1463,0.286053528519
2016_1231_1233,0.78932008526
2016_1231_1234,0.667552274166
2016_1231_1235,0.548561083166
2016_1231_1242,0.48073194298
2016_1231_1246,0.54551200537
2016_1231_1268,0.589297266445
2016_1231_1274,0.500949179921
2016_1231_1276,0.743995851403
2016_1231_1277,0.499175918801
2016_1231_1292,0.786996255553
2016_1231_1314,0.488066927746
2016_1231_1320,0.752644550668
2016_1231_1323,0.618275188771
2016_1231_1328,0.482810162246
2016_1231_1332,0.504802368832
2016_1231_1333,0.675304638554
2016_1231_1338,0.732011930856
2016_1231_1344,0.723373501703
2016_1231_1345,0.573491770128
2016_1231_1355,0.754853391018
2016_1231_1371,0.60808292384
2016_1231_1372,0.778711974125
2016_1231_1380,0.790154915153
2016_1231_1386,0.697044220848
2016_1231_1392,0.772370432801
2016_1231_1393,0.731906577022
2016_1231_1396,0.730586532546
2016_1231_1400,0.605630861224
2016_1231_1401,0.507077662867
2016_1231_1403,0.702593393656
2016_1231_1409,0.745018456172
2016_1231_1421,0.786571761726
2016_1231_1423,0.769233511662
2016_1231_1425,0.698038790424
2016_1231_1428,0.501765044433
2016_1231_1433,0.71513777989
2016_1231_1435,0.744767111639
2016_1231_1437,0.506328286881
2016_1231_1438,0.508411520644
2016_1231_1451,0.777644304697
2016_1231_1452,0.494282356925
2016_1231_1453,0.7708887419
2016_1231_1455,0.738775285857
2016_1231_1458,0.672172223062
2016_1231_1462,0.502330540862
2016_1231_1463,0.764305462287
2016_1233_1234,0.227648094167
2016_1233_1235,0.14076405228
2016_1233_1242,0.125606429649
2016_1233_1246,0.137839971935
2016_1233_1268,0.217198294144
2016_1233_1274,0.131427296585
2016_1233_1276,0.276534358546
2016_1233_1277,0.126895025518
2016_1233_1292,0.286703794039
2016_1233_1314,0.125663442114
2016_1233_1320,0.284220238049
2016_1233_1323,0.224876916622
2016_1233_1328,0.127244801499
2016_1233_1332,0.128063359924
2016_1233_1333,0.230304163208
2016_1233_1338,0.266208533089
2016_1233_1344,0.271648252689
2016_1233_1345,0.213723190201
2016_1233_1355,0.289249172463
2016_1233_1371,0.218320516937
2016_1233_1372,0.284242110355
2016_1233_1380,0.286938214396
2016_1233_1386,0.255641197441
2016_1233_1392,0.284849455904
2016_1233_1393,0.268904637129
2016_1233_1396,0.268904637129
2016_1233_1400,0.221725285214
2016_1233_1401,0.131655438426
2016_1233_1403,0.256139719931
2016_1233_1409,0.278950903311
2016_1233_1421,0.291726052413
2016_1233_1423,0.285856296483
2016_1233_1425,0.255755385721
2016_1233_1428,0.133525493522
2016_1233_1433,0.266518156872
2016_1233_1435,0.275947261303
2016_1233_1437,0.128295569662
2016_1233_1438,0.128260245118
2016_1233_1451,0.285833586663
2016_1233_1452,0.133063004937
2016_1233_1453,0.290366490764
2016_1233_1455,0.277090448757
2016_1233_1458,0.230601884973
2016_1233_1462,0.128221747728
2016_1233_1463,0.283458061578
2016_1234_1235,0.395835485485
2016_1234_1242,0.345529487308
2016_1234_1246,0.393645130886
2016_1234_1268,0.451886819292
2016_1234_1274,0.371590042169
2016_1234_1276,0.536004288463
2016_1234_1277,0.360875828385
2016_1234_1292,0.576114285923
2016_1234_1314,0.348266375187
2016_1234_1320,0.56379629008
2016_1234_1323,0.469073530698
2016_1234_1328,0.354461266695
2016_1234_1332,0.373055681664
2016_1234_1333,0.497141869008
2016_1234_1338,0.526627213146
2016_1234_1344,0.539778997322
2016_1234_1345,0.433126917492
2016_1234_1355,0.569787472961
2016_1234_1371,0.460524265985
2016_1234_1372,0.567235795766
2016_1234_1380,0.584152783896
2016_1234_1386,0.507766118247
2016_1234_1392,0.570897251791
2016_1234_1393,0.539716735575
2016_1234_1396,0.539973002597
2016_1234_1400,0.467722970492
2016_1234_1401,0.383160184168
2016_1234_1403,0.512696361759
2016_1234_1409,0.551721314389
2016_1234_1421,0.591373500067
2016_1234_1423,0.564483427006
2016_1234_1425,0.50059539196
2016_1234_1428,0.380095783305
2016_1234_1433,0.516462800819
2016_1234_1435,0.538230795208
2016_1234_1437,0.384421056258
2016_1234_1438,0.385064725356
2016_1234_1451,0.575402265353
2016_1234_1452,0.374148494372
2016_1234_1453,0.572523601411
2016_1234_1455,0.552163173823
2016_1234_1458,0.502469883476
2016_1234_1462,0.373811595884
2016_1234_1463,0.56245538403
2016_1235_1242,0.469557004767
2016_1235_1246,0.523440293124
2016_1235_1268,0.566941346678
2016_1235_1274,0.488810983609
2016_1235_1276,0.715829413944
2016_1235_1277,0.486251468096
2016_1235_1292,0.763759784357
2016_1235_1314,0.476060370693
2016_1235_1320,0.723762371385
2016_1235_1323,0.592170791275
2016_1235_1328,0.472120657727
2016_1235_1332,0.491665489683
2016_1235_1333,0.651620442323
2016_1235_1338,0.700856467743
2016_1235_1344,0.692228067611
2016_1235_1345,0.551489553483
2016_1235_1355,0.730402672364
2016_1235_1371,0.583019094912
2016_1235_1372,0.755277599768
2016_1235_1380,0.766165523222
2016_1235_1386,0.667881395084
2016_1235_1392,0.750033365688
2016_1235_1393,0.700785115799
2016_1235_1396,0.699465071323
2016_1235_1400,0.580988156135
2016_1235_1401,0.494670807011
2016_1235_1403,0.671554150931
2016_1235_1409,0.716566309781
2016_1235_1421,0.762644034116
2016_1235_1423,0.745860801626
2016_1235_1425,0.667194447228
2016_1235_1428,0.489747135749
2016_1235_1433,0.686224119094
2016_1235_1435,0.716061098704
2016_1235_1437,0.493289392253
2016_1235_1438,0.495143348659
2016_1235_1451,0.754195476469
2016_1235_1452,0.482766875637
2016_1235_1453,0.747405501054
2016_1235_1455,0.709238631319
2016_1235_1458,0.648093810479
2016_1235_1462,0.489193661714
2016_1235_1463,0.737372617757
2016_1242_1246,0.631343837204
2016_1242_1268,0.681394831368
2016_1242_1274,0.576851796031
2016_1242_1276,0.829985373909
2016_1242_1277,0.577945554881
2016_1242_1292,0.863742499848
2016_1242_1314,0.567926957285
2016_1242_1320,0.83799131425
2016_1242_1323,0.715818667662
2016_1242_1328,0.561548484771
2016_1242_1332,0.580465587789
2016_1242_1333,0.787280849522
2016_1242_1338,0.829823828614
2016_1242_1344,0.822719876476
2016_1242_1345,0.666924563987
2016_1242_1355,0.83228145139
2016_1242_1371,0.701080284846
2016_1242_1372,0.853509495753
2016_1242_1380,0.867251728156
2016_1242_1386,0.806850769981
2016_1242_1392,0.848630009745
2016_1242_1393,0.82932520575
2016_1242_1396,0.828535760377
2016_1242_1400,0.700152394208
2016_1242_1401,0.581127333077
2016_1242_1403,0.815217017595
2016_1242_1409,0.831917186409
2016_1242_1421,0.863183003668
2016_1242_1423,0.844776819521
2016_1242_1425,0.81173205303
2016_1242_1428,0.578517949477
2016_1242_1433,0.811628031847
2016_1242_1435,0.832549659004
2016_1242_1437,0.580998299528
2016_1242_1438,0.583545956206
2016_1242_1451,0.853906981958
2016_1242_1452,0.571491198972
2016_1242_1453,0.847358931303
2016_1242_1455,0.826556152986
2016_1242_1458,0.785218584907
2016_1242_1462,0.579993744799
2016_1242_1463,0.845849437709
2016_1246_1268,0.610692060296
2016_1246_1274,0.527566712108
2016_1246_1276,0.75313416534
2016_1246_1277,0.526748383788
2016_1246_1292,0.792742674211
2016_1246_1314,0.516186975228
2016_1246_1320,0.762142173993
2016_1246_1323,0.641010663413
2016_1246_1328,0.510230998635
2016_1246_1332,0.53158358869
2016_1246_1333,0.700153149819
2016_1246_1338,0.744163753664
2016_1246_1344,0.737244914075
2016_1246_1345,0.595500654841
2016_1246_1355,0.758447607745
2016_1246_1371,0.629579013539
2016_1246_1372,0.78264142682
2016_1246_1380,0.79590133381
2016_1246_1386,0.715768404624
2016_1246_1392,0.77656842517
2016_1246_1393,0.744283615984
2016_1246_1396,0.742963571508
2016_1246_1400,0.627796756382
2016_1246_1401,0.533574050492
2016_1246_1403,0.72184140619
2016_1246_1409,0.754516079496
2016_1246_1421,0.792318180384
2016_1246_1423,0.77376130825
2016_1246_1425,0.717649099965
2016_1246_1428,0.528074890245
2016_1246_1433,0.726478279179
2016_1246_1435,0.753571778959
2016_1246_1437,0.532931329139
2016_1246_1438,0.535033638393
2016_1246_1451,0.782266713395
2016_1246_1452,0.520450880584
2016_1246_1453,0.776177093638
2016_1246_1455,0.747116952991
2016_1246_1458,0.697020734328
2016_1246_1462,0.529293064534
2016_1246_1463,0.768940372214
2016_1268_1274,0.465303767533
2016_1268_1276,0.701092797965
2016_1268_1277,0.464058499519
2016_1268_1292,0.752107146371
2016_1268_1314,0.453518424158
2016_1268_1320,0.709025755406
2016_1268_1323,0.560482913351
2016_1268_1328,0.450786148574
2016_1268_1332,0.469608061592
2016_1268_1333,0.62374639138
2016_1268_1338,0.683366941016
2016_1268_1344,0.675720921138
2016_1268_1345,0.522242526373
2016_1268_1355,0.717050192538
2016_1268_1371,0.55261264837
2016_1268_1372,0.744344337528
2016_1268_1380,0.754512885235
2016_1268_1386,0.649331097349
2016_1268_1392,0.739412550549
2016_1268_1393,0.683140714082
2016_1268_1396,0.682080676818
2016_1268_1400,0.550709044718
2016_1268_1401,0.470621509511
2016_1268_1403,0.652383255259
2016_1268_1409,0.701829693802
2016_1268_1421,0.75099139613
2016_1268_1423,0.734927539385
2016_1268_1425,0.64765841212
2016_1268_1428,0.466722782625
2016_1268_1433,0.669012106051
2016_1268_1435,0.701324482725
2016_1268_1437,0.471965973479
2016_1268_1438,0.473568179774
2016_1268_1451,0.743262214229
2016_1268_1452,0.459239896734
2016_1268_1453,0.735752863067
2016_1268_1455,0.695274297623
2016_1268_1458,0.620479766748
2016_1268_1462,0.467317537436
2016_1268_1463,0.722988315083
2016_1274_1276,0.764962491849
2016_1274_1277,0.514495985741
2016_1274_1292,0.80610298953
2016_1274_1314,0.504462408052
2016_1274_1320,0.772959180809
2016_1274_1323,0.626990814591
2016_1274_1328,0.498844246046
2016_1274_1332,0.518469350147
2016_1274_1333,0.695308366764
2016_1274_1338,0.752705252143
2016_1274_1344,0.74465350122
2016_1274_1345,0.583724594255
2016_1274_1355,0.775528665798
2016_1274_1371,0.616709852906
2016_1274_1372,0.798350908838
2016_1274_1380,0.80926164913
2016_1274_1386,0.717720404138
2016_1274_1392,0.792687638187
2016_1274_1393,0.751751488175
2016_1274_1396,0.750431443699
2016_1274_1400,0.613421206589
2016_1274_1401,0.519798783595
2016_1274_1403,0.722086962514
2016_1274_1409,0.765956529045
2016_1274_1421,0.805880321655
2016_1274_1423,0.789699500974
2016_1274_1425,0.718188204224
2016_1274_1428,0.514989833737
2016_1274_1433,0.736402069462
2016_1274_1435,0.76626715861
2016_1274_1437,0.519261258879
2016_1274_1438,0.522008727989
2016_1274_1451,0.797456497788
2016_1274_1452,0.507922304801
2016_1274_1453,0.79085109805
2016_1274_1455,0.760160914842
2016_1274_1458,0.691974125322
2016_1274_1462,0.516586721911
2016_1274_1463,0.78396283085
2016_1276_1277,0.287213351288
2016_1276_1292,0.461279108086
2016_1276_1314,0.278994528359
2016_1276_1320,0.474370218463
2016_1276_1323,0.403237800815
2016_1276_1328,0.291180014394
2016_1276_1332,0.302028560144
2016_1276_1333,0.414158852363
2016_1276_1338,0.434539019424
2016_1276_1344,0.45781139129
2016_1276_1345,0.372357453121
2016_1276_1355,0.472191990471
2016_1276_1371,0.39338209409
2016_1276_1372,0.447645946731
2016_1276_1380,0.471576851003
2016_1276_1386,0.429099424949
2016_1276_1392,0.460482445568
2016_1276_1393,0.454350706372
2016_1276_1396,0.454582695212
2016_1276_1400,0.40821826909
2016_1276_1401,0.314729932544
2016_1276_1403,0.431164361378
2016_1276_1409,0.460278635481
2016_1276_1421,0.484442546387
2016_1276_1423,0.449508933774
2016_1276_1425,0.414659748831
2016_1276_1428,0.310270990306
2016_1276_1433,0.425919489686
2016_1276_1435,0.445582622174
2016_1276_1437,0.31959643942
2016_1276_1438,0.315805727499
2016_1276_1451,0.46311854493
2016_1276_1452,0.309887006703
2016_1276_1453,0.464036348724
2016_1276_1455,0.461908511134
2016_1276_1458,0.422348644413
2016_1276_1462,0.304572619563
2016_1276_1463,0.460910994286
2016_1277_1292,0.856523498975
2016_1277_1314,0.558337611172
2016_1277_1320,0.826774511991
2016_1277_1323,0.697173233755
2016_1277_1328,0.551659494799
2016_1277_1332,0.570876241676
2016_1277_1333,0.772143865016
2016_1277_1338,0.816665934195
2016_1277_1344,0.809868721193
2016_1277_1345,0.649218460466
2016_1277_1355,0.823847595581
2016_1277_1371,0.683886493202
2016_1277_1372,0.846387918297
2016_1277_1380,0.860032727283
2016_1277_1386,0.792841842369
2016_1277_1392,0.841222618145
2016_1277_1393,0.81582291663
2016_1277_1396,0.815033471257
2016_1277_1400,0.681195210382
2016_1277_1401,0.571870275604
2016_1277_1403,0.79974434166
2016_1277_1409,0.820303872921
2016_1277_1421,0.855567491567
2016_1277_1423,0.837258730835
2016_1277_1425,0.79646112711
2016_1277_1428,0.568928603364
2016_1277_1433,0.798737363261
2016_1277_1435,0.820682478971
2016_1277_1437,0.571741242055
2016_1277_1438,0.574288898733
2016_1277_1451,0.846642759817
2016_1277_1452,0.561602209001
2016_1277_1453,0.838797318027
2016_1277_1455,0.814838512899
2016_1277_1458,0.769483339157
2016_1277_1462,0.570404398686
2016_1277_1463,0.835697967032
2016_1292_1314,0.127908525604
2016_1292_1320,0.288288266491
2016_1292_1323,0.229334678187
2016_1292_1328,0.129140110659
2016_1292_1332,0.129956592115
2016_1292_1333,0.234329608025
2016_1292_1338,0.271097417019
2016_1292_1344,0.275985178312
2016_1292_1345,0.216400557515
2016_1292_1355,0.293518842017
2016_1292_1371,0.220715878773
2016_1292_1372,0.288863631208
2016_1292_1380,0.29100777694
2016_1292_1386,0.257755925066
2016_1292_1392,0.289119125458
2016_1292_1393,0.273241562752
2016_1292_1396,0.273241562752
2016_1292_1400,0.22610258133
2016_1292_1401,0.134067227765
2016_1292_1403,0.260336409869
2016_1292_1409,0.283018931753
2016_1292_1421,0.295995721967
2016_1292_1423,0.290477817335
2016_1292_1425,0.260303926957
2016_1292_1428,0.13558750853
2016_1292_1433,0.271055189504
2016_1292_1435,0.280567248053
2016_1292_1437,0.129956592115
2016_1292_1438,0.129721160563
2016_1292_1451,0.290103256217
2016_1292_1452,0.135474794275
2016_1292_1453,0.294988011616
2016_1292_1455,0.281158477199
2016_1292_1458,0.234627329791
2016_1292_1462,0.129882770181
2016_1292_1463,0.287727731132
2016_1314_1320,0.828258932812
2016_1314_1323,0.707539969217
2016_1314_1328,0.560116094521
2016_1314_1332,0.577600058099
2016_1314_1333,0.776171138122
2016_1314_1338,0.818761609656
2016_1314_1344,0.811563346364
2016_1314_1345,0.659886101051
2016_1314_1355,0.82375881686
2016_1314_1371,0.69183197526
2016_1314_1372,0.846347080459
2016_1314_1380,0.859672132656
2016_1314_1386,0.793600446824
2016_1314_1392,0.839651667079
2016_1314_1393,0.817739539614
2016_1314_1396,0.81695009424
2016_1314_1400,0.693055033047
2016_1314_1401,0.577690664657
2016_1314_1403,0.802704633892
2016_1314_1409,0.821863107809
2016_1314_1421,0.855281711006
2016_1314_1423,0.837641161313
2016_1314_1425,0.800110244569
2016_1314_1428,0.576049667863
2016_1314_1433,0.799072754569
2016_1314_1435,0.822912760609
2016_1314_1437,0.578132769838
2016_1314_1438,0.580680426516
2016_1314_1451,0.846005689296
2016_1314_1452,0.569342134809
2016_1314_1453,0.840542490546
2016_1314_1455,0.816004263201
2016_1314_1458,0.773585426329
2016_1314_1462,0.577128215109
2016_1314_1463,0.837476905973
2016_1320_1323,0.383995855072
2016_1320_1328,0.278875402749
2016_1320_1332,0.289234239111
2016_1320_1333,0.395262019566
2016_1320_1338,0.417422833423
2016_1320_1344,0.440237027473
2016_1320_1345,0.355688819476
2016_1320_1355,0.457917602482
2016_1320_1371,0.375440277904
2016_1320_1372,0.433371558742
2016_1320_1380,0.457302463014
2016_1320_1386,0.412325434122
2016_1320_1392,0.44620805758
2016_1320_1393,0.437053216558
2016_1320_1396,0.437285205398
2016_1320_1400,0.389453199438
2016_1320_1401,0.30050109222
2016_1320_1403,0.412657164859
2016_1320_1409,0.444811400577
2016_1320_1421,0.470168158398
2016_1320_1423,0.435234545785
2016_1320_1425,0.396667502741
2016_1320_1428,0.296198212752
2016_1320_1433,0.408621999873
2016_1320_1435,0.43011538727
2016_1320_1437,0.306802118386
2016_1320_1438,0.303011406465
2016_1320_1451,0.448844156941
2016_1320_1452,0.29616400348
2016_1320_1453,0.449761960736
2016_1320_1455,0.44644127623
2016_1320_1458,0.403451811616
2016_1320_1462,0.291959602343
2016_1320_1463,0.446636606298
2016_1323_1328,0.410145786802
2016_1323_1332,0.427303612972
2016_1323_1333,0.582891299441
2016_1323_1338,0.638378899725
2016_1323_1344,0.634744467552
2016_1323_1345,0.490395294473
2016_1323_1355,0.679072668028
2016_1323_1371,0.520923264574
2016_1323_1372,0.701300821379
2016_1323_1380,0.713639943762
2016_1323_1386,0.60756813342
2016_1323_1392,0.696459245142
2016_1323_1393,0.64095565773
2016_1323_1396,0.640408713192
2016_1323_1400,0.522499235747
2016_1323_1401,0.431030723412
2016_1323_1403,0.610875489
2016_1323_1409,0.659723714379
2016_1323_1421,0.711878040864
2016_1323_1423,0.692945572822
2016_1323_1425,0.606709965432
2016_1323_1428,0.427593010862
2016_1323_1433,0.623795224887
2016_1323_1435,0.657424853316
2016_1323_1437,0.430913256738
2016_1323_1438,0.431874662524
2016_1323_1451,0.70141383926
2016_1323_1452,0.420641546887
2016_1323_1453,0.697400280473
2016_1323_1455,0.652838601247
2016_1323_1458,0.581737415785
2016_1323_1462,0.42614498612
2016_1323_1463,0.680917270986
2016_1328_1332,0.541239933028
2016_1328_1333,0.739204062426
2016_1328_1338,0.787933666374
2016_1328_1344,0.779600789106
2016_1328_1345,0.616811699233
2016_1328_1355,0.803844104003
2016_1328_1371,0.649229978868
2016_1328_1372,0.828232323207
2016_1328_1380,0.841284410434
2016_1328_1386,0.756629562488
2016_1328_1392,0.821245906869
2016_1328_1393,0.786837982106
2016_1328_1396,0.786048536732
2016_1328_1400,0.649972124465
2016_1328_1401,0.541278295304
2016_1328_1403,0.764479225843
2016_1328_1409,0.796062117067
2016_1328_1421,0.83599484757
2016_1328_1423,0.818833665498
2016_1328_1425,0.761542308884
2016_1328_1428,0.538772764286
2016_1328_1433,0.768272713014
2016_1328_1435,0.79701560307
2016_1328_1437,0.542104933407
2016_1328_1438,0.544652590085
2016_1328_1451,0.827087957627
2016_1328_1452,0.532817675015
2016_1328_1453,0.820704110561
2016_1328_1455,0.790096617368
2016_1328_1458,0.73600059913
2016_1328_1462,0.540320119558
2016_1328_1463,0.815555605297
2016_1332_1333,0.761783164031
2016_1332_1338,0.80617391258
2016_1332_1344,0.799948891579
2016_1332_1345,0.635899026747
2016_1332_1355,0.814790116586
2016_1332_1371,0.667375952224
2016_1332_1372,0.840265307802
2016_1332_1380,0.853124850797
2016_1332_1386,0.781283094273
2016_1332_1392,0.833882341523
2016_1332_1393,0.805405709082
2016_1332_1396,0.804616263709
2016_1332_1400,0.668649596242
2016_1332_1401,0.556974591232
2016_1332_1403,0.789355458492
2016_1332_1409,0.809795579066
2016_1332_1421,0.848734429148
2016_1332_1423,0.831559388656
2016_1332_1425,0.78676106917
2016_1332_1428,0.554653018262
2016_1332_1433,0.787516880341
2016_1332_1435,0.810591365321
2016_1332_1437,0.557416696412
2016_1332_1438,0.55996435309
2016_1332_1451,0.840177783183
2016_1332_1452,0.548773639478
2016_1332_1453,0.833741342143
2016_1332_1455,0.80440224366
2016_1332_1458,0.759197452238
2016_1332_1462,0.556079853043
2016_1332_1463,0.827222516307
2016_1333_1338,0.520230715077
2016_1333_1344,0.53296168474
2016_1333_1345,0.420996006684
2016_1333_1355,0.565089947972
2016_1333_1371,0.446852911253
2016_1333_1372,0.563597276544
2016_1333_1380,0.580514264674
2016_1333_1386,0.500948805665
2016_1333_1392,0.567258732569
2016_1333_1393,0.53287892648
2016_1333_1396,0.533395200715
2016_1333_1400,0.455713137281
2016_1333_1401,0.369097653263
2016_1333_1403,0.506118559876
2016_1333_1409,0.546026445989
2016_1333_1421,0.587734980845
2016_1333_1423,0.560844907784
2016_1333_1425,0.493938886678
2016_1333_1428,0.366474563425
2016_1333_1433,0.509376349481
2016_1333_1435,0.532535926808
2016_1333_1437,0.370627664108
2016_1333_1438,0.371262201663
2016_1333_1451,0.571763746131
2016_1333_1452,0.361366400178
2016_1333_1453,0.569156060817
2016_1333_1455,0.546219663179
2016_1333_1458,0.494742005509
2016_1333_1462,0.360199507548
2016_1333_1463,0.557757859041
2016_1338_1344,0.450411231047
2016_1338_1345,0.363027753851
2016_1338_1355,0.468259242627
2016_1338_1371,0.383212288414
2016_1338_1372,0.443373516347
2016_1338_1380,0.467304420619
2016_1338_1386,0.421166203771
2016_1338_1392,0.456549697724
2016_1338_1393,0.446950546129
2016_1338_1396,0.447182534969
2016_1338_1400,0.398366960778
2016_1338_1401,0.305623347525
2016_1338_1403,0.422891457661
2016_1338_1409,0.454258529154
2016_1338_1421,0.480170116003
2016_1338_1423,0.44523650339
2016_1338_1425,0.40672049173
2016_1338_1428,0.301139164244
2016_1338_1433,0.418859011983
2016_1338_1435,0.439562515847
2016_1338_1437,0.310927589801
2016_1338_1438,0.30713687788
2016_1338_1451,0.458846114546
2016_1338_1452,0.301104954972
2016_1338_1453,0.459763918341
2016_1338_1455,0.455888404807
2016_1338_1458,0.412335142059
2016_1338_1462,0.295903769945
2016_1338_1463,0.456638563903
2016_1344_1345,0.369615703083
2016_1344_1355,0.469842073972
2016_1344_1371,0.390482244676
2016_1344_1372,0.445165958676
2016_1344_1380,0.469096862949
2016_1344_1386,0.427635437144
2016_1344_1392,0.458342140054
2016_1344_1393,0.451500782207
2016_1344_1396,0.451732771047
2016_1344_1400,0.403512521211
2016_1344_1401,0.313133371056
2016_1344_1403,0.427852313772
2016_1344_1409,0.457530126236
2016_1344_1421,0.481752947348
2016_1344_1423,0.447028945719
2016_1344_1425,0.41125402828
2016_1344_1428,0.308580755873
2016_1344_1433,0.423657890305
2016_1344_1435,0.442624501945
2016_1344_1437,0.318061069764
2016_1344_1438,0.314479968827
2016_1344_1451,0.460638556875
2016_1344_1452,0.307987161286
2016_1344_1453,0.461346749686
2016_1344_1455,0.459408644132
2016_1344_1458,0.419383512557
2016_1344_1462,0.302943576963
2016_1344_1463,0.458431006232
2016_1345_1355,0.750337026487
2016_1345_1371,0.609238192369
2016_1345_1372,0.773573277902
2016_1345_1380,0.787182470973
2016_1345_1386,0.700562844871
2016_1345_1392,0.767812723355
2016_1345_1393,0.73261515069
2016_1345_1396,0.731295106214
2016_1345_1400,0.609320409493
2016_1345_1401,0.507901835915
2016_1345_1403,0.707761519198
2016_1345_1409,0.744913115256
2016_1345_1421,0.783599317547
2016_1345_1423,0.764693159333
2016_1345_1425,0.703376449882
2016_1345_1428,0.503412270603
2016_1345_1433,0.714483008605
2016_1345_1435,0.744222681265
2016_1345_1437,0.50768059885
2016_1345_1438,0.509540289537
2016_1345_1451,0.772944697933
2016_1345_1452,0.495545642375
2016_1345_1453,0.767712097346
2016_1345_1455,0.737164702671
2016_1345_1458,0.677590058384
2016_1345_1462,0.503734286513
2016_1345_1463,0.761374363023
2016_1355_1371,0.394348194604
2016_1355_1372,0.448321906227
2016_1355_1380,0.472252810499
2016_1355_1386,0.432964404721
2016_1355_1392,0.461158405065
2016_1355_1393,0.45431100849
2016_1355_1396,0.45454299733
2016_1355_1400,0.406093145657
2016_1355_1401,0.317051804177
2016_1355_1403,0.432120719377
2016_1355_1409,0.460233791383
2016_1355_1421,0.484908894899
2016_1355_1423,0.45018489327
2016_1355_1425,0.415522433885
2016_1355_1428,0.311941884057
2016_1355_1433,0.426429982829
2016_1355_1435,0.445328167092
2016_1355_1437,0.324490737804
2016_1355_1438,0.321468162239
2016_1355_1451,0.463794504426
2016_1355_1452,0.311905594407
2016_1355_1453,0.464502697237
2016_1355_1455,0.46241385806
2016_1355_1458,0.421200611067
2016_1355_1462,0.309596788079
2016_1355_1463,0.461586953783
2016_1371_1372,0.733135148209
2016_1371_1380,0.746087399726
2016_1371_1386,0.657351914994
2016_1371_1392,0.727479105847
2016_1371_1393,0.689707725078
2016_1371_1396,0.688900773328
2016_1371_1400,0.580067657669
2016_1371_1401,0.476094022516
2016_1371_1403,0.662313906694
2016_1371_1409,0.701896702387
2016_1371_1421,0.744263832508
2016_1371_1423,0.724718235331
2016_1371_1425,0.657891303472
2016_1371_1428,0.471760610001
2016_1371_1433,0.671388816078
2016_1371_1435,0.699851707869
2016_1371_1437,0.476437718993
2016_1371_1438,0.477321626875
2016_1371_1451,0.733262619961
2016_1371_1452,0.463965048375
2016_1371_1453,0.729070606726
2016_1371_1455,0.696286628085
2016_1371_1458,0.635854233574
2016_1371_1462,0.47200292238
2016_1371_1463,0.716983560752
2016_1372_1380,0.304668163038
2016_1372_1386,0.271100062118
2016_1372_1392,0.303060901267
2016_1372_1393,0.285137905304
2016_1372_1396,0.285137905304
2016_1372_1400,0.23278506523
2016_1372_1401,0.137885245066
2016_1372_1403,0.273351042944
2016_1372_1409,0.295249621775
2016_1372_1421,0.309937497776
2016_1372_1423,0.304002412939
2016_1372_1425,0.272901379827
2016_1372_1428,0.139405525831
2016_1372_1433,0.283232921767
2016_1372_1435,0.292662147581
2016_1372_1437,0.134191789622
2016_1372_1438,0.133956358069
2016_1372_1451,0.304045032026
2016_1372_1452,0.139292811577
2016_1372_1453,0.30851260722
2016_1372_1455,0.293389167221
2016_1372_1458,0.244317288071
2016_1372_1462,0.134117967688
2016_1372_1463,0.301669506942
2016_1380_1386,0.257624747035
2016_1380_1392,0.288647604733
2016_1380_1393,0.272970149036
2016_1380_1396,0.272970149036
2016_1380_1400,0.225612666852
2016_1380_1401,0.129988967719
2016_1380_1403,0.260205231837
2016_1380_1409,0.282747518037
2016_1380_1421,0.295524201241
2016_1380_1423,0.29000629661
2016_1380_1425,0.260172748926
2016_1380_1428,0.131859022815
2016_1380_1433,0.270583668779
2016_1380_1435,0.280095727328
2016_1380_1437,0.125279541389
2016_1380_1438,0.125244216846
2016_1380_1451,0.289631735491
2016_1380_1452,0.131396534229
2016_1380_1453,0.294516490891
2016_1380_1455,0.280887063483
2016_1380_1458,0.234137415313
2016_1380_1462,0.125205719455
2016_1380_1463,0.287256210407
2016_1386_1392,0.522289552377
2016_1386_1393,0.513827299142
2016_1386_1396,0.513799280769
2016_1386_1400,0.467300053133
2016_1386_1401,0.375081814466
2016_1386_1403,0.494822516512
2016_1386_1409,0.520197462073
2016_1386_1421,0.552556449801
2016_1386_1423,0.513962438818
2016_1386_1425,0.478211694373
2016_1386_1428,0.369015840685
2016_1386_1433,0.481325719074
2016_1386_1435,0.504852748322
2016_1386_1437,0.379233362245
2016_1386_1438,0.376676152018
2016_1386_1451,0.528011139433
2016_1386_1452,0.369668166188
2016_1386_1453,0.531342794107
2016_1386_1455,0.520218238414
2016_1386_1458,0.484570097025
2016_1386_1462,0.364615574642
2016_1386_1463,0.525946686606
2016_1392_1393,0.28600737527
2016_1392_1396,0.28600737527
2016_1392_1400,0.236274473117
2016_1392_1401,0.142996397479
2016_1392_1403,0.274654995669
2016_1392_1409,0.295552294854
2016_1392_1421,0.310403572589
2016_1392_1423,0.304743427643
2016_1392_1425,0.274270661459
2016_1392_1428,0.144516678245
2016_1392_1433,0.284102391733
2016_1392_1435,0.292820538583
2016_1392_1437,0.139957460482
2016_1392_1438,0.139931639913
2016_1392_1451,0.304720717823
2016_1392_1452,0.144194353006
2016_1392_1453,0.30904401094
2016_1392_1455,0.2936918403
2016_1392_1458,0.246244557425
2016_1392_1462,0.139883638548
2016_1392_1463,0.302345192739
2016_1393_1396,0.44907828329
2016_1393_1400,0.399915930787
2016_1393_1401,0.307700377007
2016_1393_1403,0.425127548676
2016_1393_1409,0.455662261926
2016_1393_1421,0.481075382878
2016_1393_1423,0.446141770264
2016_1393_1425,0.408804239942
2016_1393_1428,0.303072964251
2016_1393_1433,0.420754760305
2016_1393_1435,0.440966248619
2016_1393_1437,0.312649137132
2016_1393_1438,0.308858425211
2016_1393_1451,0.459751381421
2016_1393_1452,0.303038754979
2016_1393_1453,0.460669185215
2016_1393_1455,0.457292137579
2016_1393_1458,0.41491557184
2016_1393_1462,0.297806621089
2016_1393_1463,0.457543830777
2016_1396_1400,0.397114572532
2016_1396_1401,0.304850248557
2016_1396_1403,0.42178975551
2016_1396_1409,0.453138023807
2016_1396_1421,0.479251251768
2016_1396_1423,0.444317639154
2016_1396_1425,0.405800093392
2016_1396_1428,0.30087965773
2016_1396_1433,0.417757309832
2016_1396_1435,0.438642117509
2016_1396_1437,0.310154490834
2016_1396_1438,0.306163671904
2016_1396_1451,0.457927250311
2016_1396_1452,0.300845448457
2016_1396_1453,0.458845054105
2016_1396_1455,0.45476789946
2016_1396_1458,0.411082753812
2016_1396_1462,0.295644263431
2016_1396_1463,0.455719699667
2016_1400_1401,0.449183537622
2016_1400_1403,0.629463948316
2016_1400_1409,0.675237639145
2016_1400_1421,0.720891296373
2016_1400_1423,0.701571585498
2016_1400_1425,0.62450849756
2016_1400_1428,0.445971607472
2016_1400_1433,0.640111511751
2016_1400_1435,0.672938778083
2016_1400_1437,0.448340224416
2016_1400_1438,0.449301630202
2016_1400_1451,0.710039851937
2016_1400_1452,0.437571236269
2016_1400_1453,0.706142557354
2016_1400_1455,0.66796528318
2016_1400_1458,0.60294692692
2016_1400_1462,0.443447961869
2016_1400_1463,0.692223391943
2016_1401_1403,0.727714093492
2016_1401_1409,0.763902964848
2016_1401_1421,0.80349299288
2016_1401_1423,0.784948754282
2016_1401_1425,0.723709892359
2016_1401_1428,0.516458290049
2016_1401_1433,0.733831810603
2016_1401_1435,0.763520638408
2016_1401_1437,0.520677470909
2016_1401_1438,0.523201396943
2016_1401_1451,0.792800363206
2016_1401_1452,0.510105953291
2016_1401_1453,0.788276680982
2016_1401_1455,0.75605524085
2016_1401_1458,0.699336664015
2016_1401_1462,0.517447102224
2016_1401_1463,0.779933395884
2016_1403_1409,0.495885606267
2016_1403_1421,0.531101034809
2016_1403_1423,0.49444757163
2016_1403_1425,0.440454405768
2016_1403_1428,0.333717432665
2016_1403_1433,0.453758031355
2016_1403_1435,0.481180088985
2016_1403_1437,0.341874007313
2016_1403_1438,0.338644794153
2016_1403_1451,0.508655526681
2016_1403_1452,0.333530562455
2016_1403_1453,0.510096493252
2016_1403_1455,0.496226081305
2016_1403_1458,0.446255045331
2016_1403_1462,0.32736377991
2016_1403_1463,0.503900673108
2016_1409_1421,0.483135176461
2016_1409_1423,0.448201563847
2016_1409_1425,0.413699630877
2016_1409_1428,0.309376208991
2016_1409_1433,0.425026710163
2016_1409_1435,0.444273718146
2016_1409_1437,0.318446544975
2016_1409_1438,0.314655833054
2016_1409_1451,0.461811175004
2016_1409_1452,0.308992225388
2016_1409_1453,0.462728978798
2016_1409_1455,0.460848249349
2016_1409_1458,0.421642411849
2016_1409_1462,0.303329052174
2016_1409_1463,0.45960362436
2016_1421_1423,0.283211368336
2016_1421_1425,0.253108923472
2016_1421_1428,0.131752224053
2016_1421_1433,0.263519843324
2016_1421_1435,0.273300799054
2016_1421_1437,0.126170448894
2016_1421_1438,0.126135124351
2016_1421_1451,0.282836807218
2016_1421_1452,0.131289735468
2016_1421_1453,0.287721562618
2016_1421_1455,0.27409213521
2016_1421_1458,0.2278480372
2016_1421_1462,0.126096626961
2016_1421_1463,0.280461282133
2016_1423_1425,0.269549905848
2016_1423_1428,0.138128092516
2016_1423_1433,0.279475776187
2016_1423_1435,0.288970330908
2016_1423_1437,0.131812184485
2016_1423_1438,0.131776859941
2016_1423_1451,0.300287886446
2016_1423_1452,0.137665603931
2016_1423_1453,0.304820790547
2016_1423_1455,0.290113518362
2016_1423_1458,0.241527311148
2016_1423_1462,0.131738362551
2016_1423_1463,0.297912361361
2016_1425_1428,0.345472792222
2016_1425_1433,0.463048745089
2016_1425_1435,0.487623989002
2016_1425_1437,0.353310537907
2016_1425_1438,0.350281431756
2016_1425_1451,0.514386762714
2016_1425_1452,0.344936147682
2016_1425_1453,0.515827729285
2016_1425_1455,0.503118730574
2016_1425_1458,0.459654765872
2016_1425_1462,0.338344029933
2016_1425_1463,0.509829645393
2016_1428_1433,0.726739934961
2016_1428_1435,0.757464013762
2016_1428_1437,0.511166490986
2016_1428_1438,0.513355434724
2016_1428_1451,0.788491751033
2016_1428_1452,0.499784018057
2016_1428_1453,0.782366840232
2016_1428_1455,0.751148259684
2016_1428_1458,0.681929261762
2016_1428_1462,0.508543387699
2016_1428_1463,0.774846760468
2016_1433_1435,0.449875284295
2016_1433_1437,0.335990919921
2016_1433_1438,0.332218843518
2016_1433_1451,0.467838233198
2016_1433_1452,0.325575857335
2016_1433_1453,0.468546426009
2016_1433_1455,0.466760868254
2016_1433_1458,0.429990218821
2016_1433_1462,0.32120571576
2016_1433_1463,0.465630682555
2016_1435_1437,0.317152440226
2016_1435_1438,0.313361728305
2016_1435_1451,0.461852486885
2016_1435_1452,0.307170090936
2016_1435_1453,0.462770290679
2016_1435_1455,0.460642453089
2016_1435_1458,0.421521973397
2016_1435_1462,0.301853643612
2016_1435_1463,0.459644936241
2016_1437_1438,0.559687795025
2016_1437_1451,0.844790393719
2016_1437_1452,0.547829259563
2016_1437_1453,0.837154462239
2016_1437_1455,0.810440097472
2016_1437_1458,0.765679036876
2016_1437_1462,0.555803294978
2016_1437_1463,0.833025731429
2016_1438_1451,0.83213532935
2016_1438_1452,0.548055033428
2016_1438_1453,0.826981685388
2016_1438_1455,0.797529893865
2016_1438_1458,0.749898944366
2016_1438_1462,0.555861853105
2016_1438_1463,0.819963245102
2016_1451_1452,0.137786834686
2016_1451_1453,0.29760859505
2016_1451_1455,0.283779060633
2016_1451_1458,0.237552387732
2016_1451_1462,0.131854467898
2016_1451_1463,0.290348314566
2016_1452_1453,0.789495834008
2016_1452_1455,0.757544678311
2016_1452_1458,0.70169036524
2016_1452_1462,0.516145944598
2016_1452_1463,0.782379711565
2016_1453_1455,0.275866904382
2016_1453_1458,0.229725066488
2016_1453_1462,0.126998203352
2016_1453_1463,0.282234517203
2016_1455_1458,0.41038718219
2016_1455_1462,0.293552089372
2016_1455_1463,0.454423040265
2016_1458_1462,0.354174521851
2016_1458_1463,0.553181329329
2016_1462_1463,0.83346042855
